search-search-search-search,25
search-search-search-display,52
search-search-search-social,328
search-search-search-content,231
display-display-display-display,116
display-display-display-video,229
display-display-display-social,73
display-display-display-content,23
display-video-social-content,1265
display-display-video-social,869
display-video-video-social,321
display-display-video-video,264
display-video-video-video,168
display-video-social-social,476
display-video-video-social,576
display-video-social-content,1342
display-video-content-content,469
